{"Shape":"Circle","Radius":54.41801071166992,"Width":0.0,"Height":0.0,"X":1348.328125,"Y":781.8795776367188,"R":0.05062934011220932,"G":0.9747557640075684,"B":0.09115834534168244,"Rogue":false,"Name":"Shape: 0"}
{"Shape":"Circle","Radius":62.247493743896487,"Width":0.0,"Height":0.0,"X":1332.0494384765626,"Y":146.73629760742188,"R":0.31286144256591799,"G":0.9509482383728027,"B":0.06073407456278801,"Rogue":false,"Name":"Shape: 1"}
{"Shape":"Circle","Radius":51.609561920166019,"Width":0.0,"Height":0.0,"X":179.72308349609376,"Y":493.8213195800781,"R":0.8217105865478516,"G":0.9081142544746399,"B":0.9112196564674377,"Rogue":false,"Name":"Shape: 2"}
{"Shape":"Circle","Radius":52.50064468383789,"Width":0.0,"Height":0.0,"X":225.1131591796875,"Y":688.2620239257813,"R":0.56581050157547,"G":0.499775767326355,"B":0.3082890510559082,"Rogue":false,"Name":"Shape: 3"}
{"Shape":"Circle","Radius":58.896339416503909,"Width":0.0,"Height":0.0,"X":1324.655517578125,"Y":106.65571594238281,"R":0.5035699605941773,"G":0.6253982782363892,"B":0.1046295315027237,"Rogue":false,"Name":"Shape: 4"}
{"Shape":"Circle","Radius":60.94905471801758,"Width":0.0,"Height":0.0,"X":1726.2322998046876,"Y":213.5547637939453,"R":0.11666791141033173,"G":0.7332697510719299,"B":0.9734688401222229,"Rogue":false,"Name":"Shape: 5"}
{"Shape":"Circle","Radius":69.13908386230469,"Width":0.0,"Height":0.0,"X":1076.957275390625,"Y":333.57440185546877,"R":0.20245644450187684,"G":0.5996423959732056,"B":0.09061754494905472,"Rogue":false,"Name":"Shape: 6"}
{"Shape":"Circle","Radius":54.457298278808597,"Width":0.0,"Height":0.0,"X":1033.96923828125,"Y":288.0263671875,"R":0.09038955718278885,"G":0.23260022699832917,"B":0.7298710942268372,"Rogue":false,"Name":"Shape: 7"}
{"Shape":"Circle","Radius":46.132911682128909,"Width":0.0,"Height":0.0,"X":1199.125,"Y":307.0003662109375,"R":0.7903165817260742,"G":0.027208641171455385,"B":0.5227741003036499,"Rogue":false,"Name":"Shape: 8"}
{"Shape":"Square","Radius":0.0,"Width":52.589569091796878,"Height":52.589569091796878,"X":603.414306640625,"Y":551.4229125976563,"R":0.02289145067334175,"G":0.659517765045166,"B":0.7088683247566223,"Rogue":false,"Name":"Shape: 9"}
{"Shape":"Square","Radius":0.0,"Width":59.50969696044922,"Height":59.50969696044922,"X":1092.0643310546876,"Y":767.7673950195313,"R":0.9914686679840088,"G":0.3746642470359802,"B":0.8200240135192871,"Rogue":false,"Name":"Shape: 10"}
{"Shape":"Square","Radius":0.0,"Width":67.38687133789063,"Height":67.38687133789063,"X":1204.9100341796876,"Y":233.1131134033203,"R":0.9446300864219666,"G":0.7130628228187561,"B":0.42999833822250368,"Rogue":false,"Name":"Shape: 11"}
{"Shape":"Square","Radius":0.0,"Width":60.0230827331543,"Height":60.0230827331543,"X":503.35546875,"Y":589.0906372070313,"R":0.10121437907218933,"G":0.7317437529563904,"B":0.39246904850006106,"Rogue":false,"Name":"Shape: 12"}
{"Shape":"Rectangle","Radius":0.0,"Width":64.23548126220703,"Height":91.29557800292969,"X":1043.701416015625,"Y":241.53707885742188,"R":0.8240574598312378,"G":0.9846554398536682,"B":0.5038259029388428,"Rogue":false,"Name":"Shape: 13"}
{"Shape":"Rectangle","Radius":0.0,"Width":82.2204818725586,"Height":98.44892883300781,"X":1128.9886474609376,"Y":332.8885803222656,"R":0.8641349077224731,"G":0.9745962023735046,"B":0.43476495146751406,"Rogue":false,"Name":"Shape: 14"}
{"Shape":"Rectangle","Radius":0.0,"Width":141.28692626953126,"Height":98.52256774902344,"X":724.6827392578125,"Y":649.2548828125,"R":0.46722161769866946,"G":0.7228702902793884,"B":0.35205286741256716,"Rogue":false,"Name":"Shape: 15"}
{"Shape":"Rectangle","Radius":0.0,"Width":103.19088745117188,"Height":137.66070556640626,"X":831.9642944335938,"Y":381.1731872558594,"R":0.31752392649650576,"G":0.16615372896194459,"B":0.7169700860977173,"Rogue":false,"Name":"Shape: 16"}
{"Shape":"Rectangle","Radius":0.0,"Width":70.13005065917969,"Height":64.33619689941406,"X":507.0,"Y":227.0,"R":0.0292375385761261,"G":0.6211452484130859,"B":0.7973185777664185,"Rogue":false,"Name":"Shape: 17"}
{"Shape":"Rectangle","Radius":0.0,"Width":130.2462615966797,"Height":101.19759368896485,"X":492.0,"Y":428.0,"R":0.06950683146715164,"G":0.857921838760376,"B":0.5612319707870483,"Rogue":false,"Name":"Shape: 18"}
{"Shape":"Rectangle","Radius":0.0,"Width":72.25851440429688,"Height":125.37246704101563,"X":327.0,"Y":238.0,"R":0.5748416185379028,"G":0.04944375157356262,"B":0.5432208776473999,"Rogue":false,"Name":"Shape: 19"}
